Model,Mean Accuracy,Std
Logistic Regression,0.8458536585365855,0.027868988989435507
KNN,0.8331707317073171,0.018094865357064803
SVM,0.9209756097560975,0.03342798380294987
Random Forest,0.9970731707317073,0.005853658536585371
